{"cameraMode":{"drawMode":0,"name":"Shaded","section":"Shading Mode"},"sceneLighting":false,"audioPlay":false,"sceneViewState":{"m_AlwaysRefresh":false,"showFog":true,"showSkybox":false,"showFlares":true,"showImageEffects":true,"showParticleSystems":true,"showVisualEffectGraphs":true,"m_FxEnabled":true},"in2DMode":false,"pivot":{"x":1.1920928955078126e-7,"y":0.13828709721565247,"z":0.04843562841415405},"rotation":{"x":0.30604511499404909,"y":-0.44182294607162478,"z":0.16344071924686433,"w":0.8273297548294067},"size":0.766146719455719,"orthographic":false}