{"cameraMode":{"drawMode":0,"name":"Shaded","section":"Shading Mode"},"sceneLighting":true,"audioPlay":false,"sceneViewState":{"m_AlwaysRefresh":false,"showFog":true,"showSkybox":true,"showFlares":true,"showImageEffects":true,"showParticleSystems":true,"showVisualEffectGraphs":true,"m_FxEnabled":true},"in2DMode":false,"pivot":{"x":-0.19094562530517579,"y":4.493269920349121,"z":0.00819918978959322},"rotation":{"x":-0.48843467235565188,"y":-0.009661952033638955,"z":0.005442164372652769,"w":-0.8725714087486267},"size":1.907921314239502,"orthographic":false}