{"cameraMode":{"drawMode":0,"name":"Shaded","section":"Shading Mode"},"sceneLighting":false,"audioPlay":false,"sceneViewState":{"m_AlwaysRefresh":false,"showFog":true,"showSkybox":false,"showFlares":true,"showImageEffects":true,"showParticleSystems":true,"showVisualEffectGraphs":true,"m_FxEnabled":true},"in2DMode":false,"pivot":{"x":0.004378199577331543,"y":0.38473302125930788,"z":-0.08693009614944458},"rotation":{"x":0.30604511499404909,"y":-0.44182294607162478,"z":0.16344071924686433,"w":0.8273297548294067},"size":0.7084369659423828,"orthographic":false}